,Signature,Raag,Thaat,Prahar,Aaroha,Avroha,Vadi,Samvadi,Pakad,Jati,AS,AR,AG,AM,AP,AD,AN,VS,VR,VG,VM,VP,VD,VN,coeff,P,V,S,coeff2,BS,BR,BG,BM,BP,BD,BN
4,366,Kakambheri,Bhairavi,1 (6am - 9am),S - r - g - m - P - d - S',S' - n - d - P - m - g - r - S,D,G,,Shadav - Sampoorna,H,K,K,H,H,K,A,H,K,K,H,H,K,K,3.1538,1,4,3,3.5,H,K,K,H,H,K,K
10,485,"Hindol, Ajad",Kalyan,1 (6am - 9am),S - G - M - D - S',S' - N - D - P - M - G - S,D,G,"M - D - N - D - P, M - D - S', S' - D - M - G - P, M - G, G - S",Vakra,H,A,H,T,A,H,A,H,A,H,T,H,H,H,3.8,1,4,3,3.5,H,A,H,T,H,H,H
11,26,"Bhairav, Bairagi",Bhairav,1 (6am - 9am),S - r - m - P - n - S,S - n - P - m - r - S,n,m,"r - m - P, n - P - n, n - m - r - n, P - n - r - S",Audav - Audav,H,K,A,H,H,A,K,H,K,A,H,H,A,K,3.2,1,5,2,3.5,H,K,A,H,H,A,K
12,264,Asa / Asa Maand / Aarabhi,Bilawal,1 (6am - 9am),S - R - m - P - D - S',S' - N - D - P - m - G - R - S,S,m,R - P - m - G - R - S - 'N - 'D - S,Audav - Sampoorna,H,H,A,H,H,H,A,H,H,H,H,H,H,H,3.0833,1,1,2,1.5,H,H,H,H,H,H,H
14,308,"Manohari, Kamal",Bhairav,1 (6am - 9am),S - G - m - P - d - N - S',S' - N - d - P - m - G - S,G,N,,Shadav - Shadav,H,A,H,H,H,K,H,H,A,H,H,H,K,H,2.8333,1,3,6,4.5,H,A,H,H,H,K,H
16,516,"Kalyan, Anjani",Kalyan,1 (6am - 9am),S - R - g - M - P - D - N - S',S' - N - D - P - M - g - R - S,R,P,gR  gM P Mg R - S N.D.N. R S,Sampoorna - Sampoorna,H,H,K,T,H,H,H,H,H,K,T,H,H,H,4.1429,1,5,2,3.5,H,H,K,T,H,H,H
19,129,Malayamarutam,Bhairav,1 (6am - 9am),S - G - P - D - n - S',S' - n - D - P - G - r - S,S,P,"G - P - D - n - D - P - G - r, 'n - r - S",Audav - Shadav,H,A,H,A,H,H,K,H,K,H,A,H,H,K,3.2727,1,1,2,1.5,H,K,H,A,H,H,K
21,385,"Bhairav, Rati",Bhairav,1 (6am - 9am),S - r - G - m - P - D - n - S',S' - N - d - P - m - G - r - S,S,P,,Mishra/Sankeerna,H,K,H,H,H,H,K,H,K,H,H,H,K,H,3.2857,1,1,2,1.5,H,K,H,H,H,B,B
26,474,Patmanjiri (Bilawal Thaat Ki),Bilawal,1 (6am - 9am),S - R - G - m - P - D - S',S' - N - D - P - m - G - R - S,S,P,"S - S - R - R - S, 'N - 'D - 'N - P, (G)R - (G)R - G - m - R - R - S, G - m - R - G - m - P - m - G - R - G - m - R - S",Shadav - Sampoorna,H,H,H,H,H,H,A,H,H,H,H,H,H,H,3.0769,1,1,2,1.5,H,H,H,H,H,H,H
30,345,Lalit Mangal,Poorvi,1 (6am - 9am),S - m - P - D - N - S',r' - N - d - P - M - G - r - S,S,P,,Audav - Sampoorna,H,A,A,H,H,H,H,H,K,H,T,H,K,H,3.5833,1,1,2,1.5,H,K,H,B,H,B,H
31,23,Bhairav,Bhairav,1 (6am - 9am),S - r - G - m - P - d - N - S',S' - N - d - P - m - G - r - S,d,r,"Gm d - dP, m Gm r - S",Sampoorna - Sampoorna,H,K,H,H,H,K,H,H,K,H,H,H,K,H,3.2857,1,3,6,4.5,H,K,H,H,H,K,H
32,39,Bibhas (Bhairav Ang),Bhairav,1 (6am - 9am),S - r - G - P - d - S',S' - d - P - G - r - S,d,r,GPd GP - GrS,Audav - Audav,H,K,H,A,H,K,A,H,K,H,A,H,K,A,3.0,1,3,6,4.5,H,K,H,A,H,K,A
33,70,Gunakari,Bhairav,1 (6am - 9am),S - r - m - P - d - S',S' - (N)d - P - m - (G)r - S,d,r,r - m - P - d - d - P - m - r - r - 'd - S,Audav - Audav,H,K,A,H,H,K,A,H,K,H,H,H,K,H,3.0833,1,3,6,4.5,H,K,H,H,H,K,H
38,24,"Bhairav, Ahir",Bhairav,1 (6am - 9am),S - r - G - m - P - D - n - S',S' - n - D - P - m - G - r - S,m,S,"S 'D'n r - S, GmPDn DP mG mr - S",Sampoorna - Sampoorna,H,K,H,H,H,H,K,H,K,H,H,H,H,K,3.2857,1,2,1,1.5,H,K,H,H,H,H,K
49,466,"Ranjani, Mano / Manoranjani",Bhairav,1 (6am - 9am),S - r - m - P - D - S',S' - D - P - m - r - S,m,S,mPDP m r - mr - 'D S,Audav - Audav,H,K,A,H,H,H,A,H,K,A,H,H,H,A,3.0,1,2,1,1.5,H,K,A,H,H,H,A
51,573,Gaul,Bhairav,1 (6am - 9am),S - r - m - P - N - S',S' - N - P - m - r - S,m,S,Sm - mPm - PNP m - r S,Audav - Audav,H,K,A,H,H,A,H,H,K,A,H,H,A,H,3.4,1,2,1,1.5,H,K,A,H,H,A,H
52,4,Ahiri / Ahiri Todi,Bhairavi,1 (6am - 9am),S - r - g - m - P - D - n - S',S' - n - D - P - m - g - r - S,m,S,P - D - n - D - m - g - r - g - r - S,Sampoorna - Sampoorna,H,K,K,H,H,H,K,H,K,K,H,H,H,K,3.4286,1,2,1,1.5,H,K,K,H,H,H,K
54,247,Malani,Bhairavi,1 (6am - 9am),S - r - g - m - P - S',S' - n - d - m - g - r - S,m,S,,Audav - Shadav,H,K,K,H,H,A,A,H,K,K,H,A,K,K,3.2727,1,2,1,1.5,H,K,K,H,H,K,K
63,446,Parameshwari,,1 (6am - 9am),S - r - g - m - D - n - S',S' - n - D - m - g - r - S,m,S,"S - r - 'n - S - r - g - m - g - r - g - r - g - r - S, g - m - D - n - D - m - g - r - g - r - S",Shadav - Shadav,H,K,K,H,A,H,K,H,K,K,H,A,H,K,3.6667,1,2,1,1.5,H,K,K,H,A,H,K
67,28,"Bhairav, Nat",Bhairav,1 (6am - 9am),S - R - G - m - P - d - N - S',S' - N - d - P - m - G - R - S,P,S,"S - R - G - m - d - P, G - m - R - S, R - 'N - 'd - S",Sampoorna - Sampoorna,H,H,H,H,H,K,H,H,H,H,H,H,K,H,3.1429,1,2,1,1.5,H,H,H,H,H,K,H
70,257,"Bhairav, Saveri / Saveri",Bhairav,1 (6am - 9am),S - r - m - P - d - S',S' - N - d - P - m - G - r - S,P,S,r - m - P - d - S' - N - d - P - G - m - r - S,Audav - Sampoorna,H,K,A,H,H,K,A,H,K,H,H,H,K,H,3.0833,1,2,1,1.5,H,K,H,H,H,K,H
71,260,Prabhavati,Bhairav,1 (6am - 9am),S - r - G - P - d - N - S',S' - N - d - P - G - r - S,P,S,,Shadav - Shadav,H,K,H,A,H,K,H,H,K,H,A,H,K,H,3.5,1,2,1,1.5,H,K,H,A,H,K,H
75,32,Bhairavi,Bhairavi,1 (6am - 9am),S - r - g - m - P - d - n - S',S' - n - d - P - m - g - r - S,P,S,nS gm dP - gmP gm rS,Sampoorna - Sampoorna,H,K,K,H,H,K,K,H,K,K,H,H,K,K,3.2857,1,2,1,1.5,H,K,K,H,H,K,K
76,179,"Todi, Jaiwanti",Bhairavi,1 (6am - 9am),S - r - m - P - D - n - S',S' - n - D - P - m - g - r - S,P,S,"S - r - m - P, n - D - P, D - m, P - g, m - r, g - r - S",Shadav - Sampoorna,H,K,A,H,H,H,K,H,K,K,H,H,H,K,3.3846,1,2,1,1.5,H,K,K,H,H,H,K
77,384,"Todi, Bairagi",Bhairavi,1 (6am - 9am),S - r - g - P - n - S',S' - n - P - g - r - S,P,S,"S - r - g - P, P - g - r - g - r - S",Audav - Audav,H,K,K,A,H,A,K,H,K,K,A,H,A,K,3.6,1,2,1,1.5,H,K,K,A,H,A,K
82,535,"Kalyan, Kohari",Kalyan,1 (6am - 9am),S - R - G - P - D - S',S' - n - D - P - G - P - (G) R - S,P,S,PDnDP - GRGP (G)R S,Audav - Shadav,H,H,H,A,H,H,A,H,H,H,A,H,H,K,3.1818,1,2,1,1.5,H,H,H,A,H,H,K
84,355,Anand Leela,,1 (6am - 9am),S - R - G - m - P - N - S',S' - N - d - P - m - G - R - S,P,S,G - R - G - m - P - N - d - P,Shadav - Sampoorna,H,H,H,H,H,A,H,H,H,H,H,H,K,H,3.1538,1,2,1,1.5,H,H,H,H,H,K,H
85,465,Pratiksha,,1 (6am - 9am),S - R - G - P - d - S',S' - d - P - G - R - S,P,S,"S - R - G - R - G, P - d - S' - P - d - P - G",Audav - Audav,H,H,H,A,H,K,A,H,H,H,A,H,K,A,2.8,1,2,1,1.5,H,H,H,A,H,K,A
87,337,"Ranjani, Yash",Poorvi,7 (12am - 3am),S - r - M - P - d - S',S' - D - P - M - r - S,S,P,,Audav - Audav,H,K,A,T,H,K,A,H,K,A,T,H,H,A,3.9,7,1,2,1.5,H,K,A,T,H,B,A
88,317,"Todi, Gauri",Todi,3 (12pm - 3pm),S - r - g - M - d - N - S',S' - N - d - P - M - G - r - S,d,g,S rg - MdNdP - MGrG rS 'N,Shadav - Sampoorna,H,K,K,T,A,K,H,H,K,H,T,H,K,H,4.2308,3,3,4,3.5,H,K,B,T,H,K,H
91,81,Jaunpuri,Asavari,2 (9am - 12pm),S - R - m - P - d - n - S',S' - n - d - P - m - g - R - S,d,g,m PdnS' nS' (n)d P mP gR S,Shadav - Sampoorna,H,H,A,H,H,K,K,H,H,K,H,H,K,K,3.0769,2,3,4,3.5,H,H,K,H,H,K,K
96,176,"Todi, Bhupal / Bhoopal Todi",Bhairavi,2 (9am - 12pm),S - r - g - P - d - S',S' - d - P - g - r - S,d,g,"S - r - 'd - S, rg - rg - r - S",Audav - Audav,H,K,K,A,H,K,A,H,K,K,A,H,K,A,3.2,2,3,4,3.5,H,K,K,A,H,K,A
98,523,"Todi, Asavari",Bhairavi,2 (9am - 12pm),S - r - m - P - d - S',r' - n - d - m - g - r - S,d,g,r - m - P - d - m - grg - rS,Vakra,H,K,A,H,H,K,A,H,K,K,H,A,K,K,3.1818,2,3,4,3.5,H,K,K,H,H,K,K
112,339,Rakta Hauns,Kafi,2 (9am - 12pm),S - R - m - P - D - S',S' - n - P - m - R - S,R,P,,Audav - Audav,H,H,A,H,H,H,A,H,H,A,H,H,A,K,2.9,2,5,2,3.5,H,H,A,H,H,H,K
122,94,"Kalyan, Puriya",Marwa,4 (3pm - 6pm),N - r - G - M - D - N - S',S' - N - D - P - M - G - r - S,G,N,MDND P - MG rGMG rS,Shadav - Sampoorna,H,K,H,T,A,H,H,H,K,H,T,H,H,H,4.3077,4,3,6,4.5,H,K,H,T,H,H,H
125,357,"Chandrika, Uday",Asavari,2 (9am - 12pm),S - R - g - m - P - d - N - S',S' - d - P - m - R - S,d,R,,Sampoorna - Audav,H,H,K,H,H,K,H,H,H,A,H,H,K,A,3.0,2,3,5,4.0,H,H,K,H,H,K,H
126,368,"Prabha, Kumud",Poorvi,4 (3pm - 6pm),S - r - G - d - N - S',S' - P - M - G - 'N - S,G,N,,Audav - Audav,H,K,H,A,A,K,H,H,A,H,T,H,A,H,3.8,4,3,6,4.5,H,K,H,T,H,K,H
128,579,"Kalyan, Shubh",Khamaaj,2 (9am - 12pm),S - R - G - P - D - n - S',S' - n - D - P - G - P - (G)R - S,P,R,S - RG - P - nD P - GP (G)R - S,Shadav - Shadav,H,H,H,A,H,H,K,H,H,H,A,H,H,K,3.3333,2,2,5,3.5,H,H,H,A,H,H,K
129,71,Gyankali,Bhairavi,2 (9am - 12pm),S - r - m - d - n - S',S' - n - d - m - r - S,m,S,r - m - d - n - d - m - r - S,Audav - Audav,H,K,A,H,A,K,K,H,K,A,H,A,K,K,3.4,2,2,1,1.5,H,K,A,H,A,K,K
131,378,"Maand, Asa",Bilawal,2 (9am - 12pm),S - R - m - P - D - S',S' - N - D - P - m - G - R - S,m,S,D - S - R - m - G - R - S - 'N - 'D,Shadav - Sampoorna,H,H,A,H,H,H,A,H,H,H,H,H,H,H,3.0833,2,2,1,1.5,H,H,H,H,H,H,H
132,5,"Manohari, Amba",Kafi,2 (9am - 12pm),S - R - g - m - D - N - S',S' - N - D - m - g - R - S,m,S,m - g - R - 'N - S - 'D - 'N - S,Shadav - Shadav,H,H,K,H,A,H,H,H,H,K,H,A,H,H,3.6667,2,2,1,1.5,H,H,K,H,A,H,H
134,512,"Todi, Ahiri",Todi,2 (9am - 12pm),S - r - g - m - P - D - n - S',S' - n - D - P - m - g - r - S,m,S,"S - r - g - r - S, n. - D. - n. - r - S",Vakra,H,K,K,H,H,H,K,H,K,K,H,H,H,K,3.4286,2,2,1,1.5,H,K,K,H,H,H,K
136,7,Asavari,Asavari,2 (9am - 12pm),S - R - m - P - d - S',S' - n - d - P - m - g - R - S,P,S,"RmP S' (n)d P, mP g RS",Audav - Sampoorna,H,H,A,H,H,K,A,H,H,K,H,H,K,K,2.9167,2,2,1,1.5,H,H,K,H,H,K,K
138,253,Abheri,Asavari,2 (9am - 12pm),S - g - m - P - n - S',S' - n - d - P - m - g - R - S,P,S,g - m - P - S' - n - d - P,Audav - Sampoorna,H,A,K,H,H,A,K,H,H,K,H,H,K,K,3.0,2,2,1,1.5,H,H,K,H,H,K,K
140,210,"Varali, Salag / Salag Varali",Todi,2 (9am - 12pm),S - r - g - P - D - n - S',S' - n - D - P - g - r - S,P,S,Sr 'n-Sr g - Pdn dP rgr - S,Shadav - Shadav,H,K,K,A,H,H,K,H,K,K,A,H,H,K,3.6667,2,2,1,1.5,H,K,K,A,H,H,K
141,304,"Todi, Anjani",Todi,2 (9am - 12pm),S - R - m - P - n - d - N - S',S' - n - D - P - g - R - S,P,S,,Shadav - Shadav,H,H,A,H,H,K,B,H,H,K,A,H,H,K,3.4615,2,2,1,1.5,H,H,K,H,H,B,B
142,21,Basant Mukhari / Komal Bhairav,,2 (9am - 12pm),S - r - G - m - P - d - n - S',S' - n - d - P - m - G - r - S,P,S,"P - d - n - d - P, G - m - (G) r - S",Sampoorna - Sampoorna,H,K,H,H,H,K,K,H,K,H,H,H,K,K,3.1429,2,2,1,1.5,H,K,H,H,H,K,K
143,54,Charukeshi,,2 (9am - 12pm),S - R - G - m - P - d - n - S',S' - n - d - P - m - G - R - S,P,S,R 'nS-R G-m - Pdnd mP Gm R-S,Sampoorna - Sampoorna,H,H,H,H,H,K,K,H,H,H,H,H,K,K,3.0,2,2,1,1.5,H,H,H,H,H,K,K
145,444,"Bhairavi, Nat",Asavari,2 (9am - 12pm),S - R - m - P - d - n - S',S' - n - d - P - m - g - R - S,P,S',not specific,Audav - Sampoorna,H,H,A,H,H,K,K,H,H,K,H,H,K,K,3.0769,2,2,1,1.5,H,H,K,H,H,K,K
150,256,Sameri,Asavari,2 (9am - 12pm),S - R - m - P - n - S',S' - n - d - P - m - g - R - S,,,,Audav - Sampoorna,H,H,A,H,H,A,K,H,H,K,H,H,K,K,3.0833,2,0,0,0.0,H,H,K,H,H,K,K
155,320,"Mohini, Chitta",Bilawal,3 (12pm - 3pm),"S, R - G - m - P, D - N - S'","S', N - P, m - R, S",R,P,,Sampoorna - Audav,H,H,H,H,H,H,H,H,H,A,H,H,A,H,3.25,3,5,2,3.5,H,H,H,H,H,H,H
158,166,"Sarang, Vrindavani",Kafi,3 (12pm - 3pm),N - S - R - m - P - N - S',S' - n - P - m - R - 'N - S,R,P,"nP - mR, mR - 'NS",Audav - Audav,H,H,A,H,H,A,H,H,H,A,H,H,A,B,3.3636,3,5,2,3.5,H,H,A,H,H,A,B
163,473,Patmanjiri (Kafi Thaat Ki),Kafi,3 (12pm - 3pm),S - R - g - m - P - n - S',S' - n - D - P - m - g - R - S,S,P,"S - 'n - 'D - 'P, S - 'n - S - R - g - R - S, R - m - P, m - P - D - g - R - g - m - g - R - S, m - P - n - D - P, n - S'",Shadav - Sampoorna,H,H,K,H,H,A,K,H,H,K,H,H,H,K,3.2308,3,1,2,1.5,H,H,K,H,H,H,K
166,469,Vijay Nagari,,3 (12pm - 3pm),S - R - g - M - P - D - S',S' - D - P - M - g - R - S,P,R,R - g - P - M - D - P - D - S',Shadav - Shadav,H,H,K,T,H,H,A,H,H,K,T,H,H,A,3.8333,3,2,5,3.5,H,H,K,T,H,H,A
168,602,Dhakkaa / Komal Bhimapalasi,Bhairavi,3 (12pm - 3pm),n - S - g - m - P - n - S',S' - n - D - P - m - g - r - S,m,S,gmP (m)g-rS - r 'nS m-,Audav - Sampoorna,H,A,K,H,H,A,K,H,K,K,H,H,H,K,3.1667,3,2,1,1.5,H,K,K,H,H,H,K
169,507,Pradeepki,Kafi,3 (12pm - 3pm),S - G - m - P - N - S',S' - n - D - P -  m - g - R - S,m,S,G - m - Pn - DP - mP - g - mg - R - S,Audav - Sampoorna,H,A,H,H,H,A,H,H,H,K,H,H,H,K,3.0833,3,2,1,1.5,H,H,B,H,H,H,B
170,445,"Basant, Dakshinatya",,3 (12pm - 3pm),S - G - m - D - N - S',S' - N - D - m - G - r - S,m,S,"G - m - D - S' - N - D - m - G, m - G - r - S - m",Audav - Shadav,H,A,H,H,A,H,H,H,K,H,H,A,H,H,3.4545,3,2,1,1.5,H,K,H,H,A,H,H
184,482,Saanjh / Sanz / Saanjh Ka Hindol,Marwa,4 (3pm - 6pm),S - G - M - D - N - S',S - N - D - M - G - S,G,N,"G M D N - MG, GMD GM-G, MG S",Audav - Audav,H,A,H,T,A,H,H,H,A,H,T,A,H,H,4.2,4,3,6,4.5,H,A,H,T,A,H,H
187,344,Latika,Poorvi,4 (3pm - 6pm),"S - R - G, P - d - N - S'",S' - N - d - P - G - R - S,G,N,,Shadav - Shadav,H,H,H,A,H,K,H,H,H,H,A,H,K,H,3.3333,4,3,6,4.5,H,H,H,A,H,K,H
191,245,Ratnadeep,Marwa,5 (6pm - 9pm),S - G - M - P - N - S',S' - D - P - M - G - r - S,R,P,,Audav - Shadav,H,A,H,T,H,A,H,H,K,H,T,H,H,A,3.8182,5,5,2,3.5,H,K,H,T,H,H,H
193,246,Haunsnad,Marwa,5 (6pm - 9pm),S - r - G - M - N - S',S' - N - P - M - r - S,S,P,,Audav - Audav,H,K,H,T,A,A,H,H,K,A,T,H,A,H,4.5,5,1,2,1.5,H,K,H,T,H,A,H
196,61,Dhanashree,Kafi,4 (3pm - 6pm),n - S - g - m - P - n - S',S' - n - D - P - m - g - R - S,P,S,"n - S - g - m - P - g, m - g - R - ?n - S",Audav - Sampoorna,H,A,K,H,H,A,K,H,H,K,H,H,H,K,3.0833,4,2,1,1.5,H,H,K,H,H,H,K
197,125,"Ranjani, Madhu / Madhuranjani",Kafi,4 (3pm - 6pm),N - S - g - m - P - N - S',S' - N - P - m - g - R - S,P,S,g - m - P - N - S' - N - P - m - g - R - S,Audav - Shadav,H,A,K,H,H,A,H,H,H,K,H,H,A,H,3.1818,4,2,1,1.5,H,H,K,H,H,A,H
200,307,Kolhaas,Kafi,4 (3pm - 6pm),S - R - g - P - D - n - S',S' - n - D - P - g - R - S,P,S,,Shadav - Shadav,H,H,K,A,H,H,K,H,H,K,A,H,H,K,3.5,4,2,1,1.5,H,H,K,A,H,H,K
206,383,Simhendra Madhyam,,4 (3pm - 6pm),S - R - g - M - P - d - N - S',S' - N - d - P - M - g - R - S,P,S,RgMPdP - NdPMg RgRS,Sampoorna - Sampoorna,H,H,K,T,H,K,H,H,H,K,T,H,K,H,4.0,4,2,1,1.5,H,H,K,T,H,K,H
208,382,Palasi,Kafi,4 (3pm - 6pm),S - g - m - P - n - S',S' - n - P - m - G - R - S,P,S',PnPmg - RS,Audav - Shadav,H,A,K,H,H,A,K,H,H,H,H,H,A,K,2.9091,4,2,1,1.5,H,H,B,H,H,A,K
209,38,Bhoop / Bhup / Bhupali,Kalyan,5 (6pm - 9pm),S - R - G - P - D - S',S' - D - P - G - R - S,G,D,S RG R G - RG RPG - RG SR 'DS,Audav - Audav,H,H,H,A,H,H,A,H,H,H,A,H,H,A,3.0,5,3,4,3.5,H,H,H,A,H,H,A
212,362,Kala Bharan,Khamaaj,5 (6pm - 9pm),S - R - G - m - P - D - n - S',S' - D - P - G - R - S,G,D,,Sampoorna - Audav,H,H,H,H,H,H,K,H,H,H,A,H,H,A,3.0833,5,3,4,3.5,H,H,H,H,H,H,K
214,432,Nindiyaari,Kalyan,5 (6pm - 9pm),N - S - R - G - M - P - D - N - S',S' - N - D - P - m - G - R - S,R,D,"D - 'N - S - R, S - 'N - S",Sampoorna - Sampoorna,H,H,H,T,H,H,H,H,H,H,H,H,H,H,3.6429,5,5,4,4.5,H,H,H,B,H,H,H
218,262,Rajeshwari,,5 (6pm - 9pm),S - g - m - D - N - S',S' - N - D - m - g - S,S,m,,Audav - Audav,H,A,K,H,A,H,H,H,A,K,H,A,H,H,3.4,5,1,2,1.5,H,A,K,H,A,H,H
221,184,Yaman,Kalyan,5 (6pm - 9pm),N - R - G - M - D - N - S',S' - N - D - P - M - G - R - S,G,N,NRG - RG - P (G)R - GR - 'NRS,Shadav - Sampoorna,H,H,H,T,A,H,H,H,H,H,T,H,H,H,4.1538,5,3,6,4.5,H,H,H,T,H,H,H
222,269,Chandrakant,Kalyan,5 (6pm - 9pm),S - R - G - P - D - N - S',"S' - N - D - P, M - G - R - S",G,N,,Shadav - Sampoorna,H,H,H,A,H,H,H,H,H,H,T,H,H,H,3.7692,5,3,6,4.5,H,H,H,T,H,H,H
224,116,Khamaj,Khamaaj,5 (6pm - 9pm),S - G - m - P - D - N - S',S' - n - D - P - m - G - R - S,G,N,G - m - n - D - P - D - m - G - P,Shadav - Sampoorna,H,A,H,H,H,H,H,H,H,H,H,H,H,K,3.0769,5,3,6,4.5,H,H,H,H,H,H,B
236,212,Dhanashree,Bilawal,5 (6pm - 9pm),N - S - G - m - P - N - S',"S' - N - D - P, P - Dm, P - G, G - m - G - R - S",S,P,"N - (D)P, D - (P)m, P - (m)G, m - R - S",Audav - Sampoorna,H,A,H,H,H,A,H,H,H,H,H,H,H,H,3.0833,5,1,2,1.5,H,H,H,H,H,H,H
247,239,Koumari,Poorvi,5 (6pm - 9pm),S - r - G - M - P - N - S',S' - N - P - M - G - r - S,,,,Shadav - Shadav,H,K,H,T,H,A,H,H,K,H,T,H,A,H,4.1667,5,0,0,0.0,H,K,H,T,H,A,H
248,498,"Kalyan, Priya",Kalyan,6 (9pm - 12am),S - r - G - M - P - D - n - S',S' - n - D - P - M - G - r - S,-,-,"r - G - M - P - M - r - G, n - D - P - M - r - G",Sampoorna - Sampoorna,H,K,H,T,H,H,K,H,K,H,T,H,H,K,4.0,6,0,0,0.0,H,K,H,T,H,H,K
250,86,Kafi,Kafi,5 (6pm - 9pm),S - R - g - m - P - D - n - S',S' - n - D - P - m - g - R - S,P,R,SR Rg - mPm P - mP gR,Sampoorna - Sampoorna,H,H,K,H,H,H,K,H,H,K,H,H,H,K,3.2857,5,2,5,3.5,H,H,K,H,H,H,K
251,73,Haunsdhwani / Hansadhvani / Hamsadhvani,Kalyan,5 (6pm - 9pm),S - R - G - P - N - S',S' - N - P - G - R - S,P,R,GPNS' G'R' NP GR GP R 'N'P S,Audav - Audav,H,H,H,A,H,A,H,H,H,H,A,H,A,H,3.4,5,2,5,3.5,H,H,H,A,H,A,H
255,439,"Kalyan, Bhup / Audav Shudhha Kalyan",Kalyan,5 (6pm - 9pm),S - R - G - P - D - S',S' - D - P - G - R - S,P,R,"G - P - R - S, 'D - 'P - G - RS - 'DR - S",Audav - Audav,H,H,H,A,H,H,A,H,H,H,A,H,H,A,3.0,5,2,5,3.5,H,H,H,A,H,H,A
256,318,"Ranjani, Gou",Asavari,6 (9pm - 12am),N - S - G - M - P - N - S',S' - N - d - P - M - G - r - S,P,S,,Audav - Sampoorna,H,A,H,T,H,A,H,H,K,H,T,H,K,H,3.9167,6,2,1,1.5,H,K,H,T,H,K,H
260,359,"Chandrika, Uday Ravi",Bilawal,5 (6pm - 9pm),S - R - G - m - D - N - S',S' - N - D - m - G - R - S,m,S,,Shadav - Shadav,H,H,H,H,A,H,H,H,H,H,H,A,H,H,3.5,5,2,1,1.5,H,H,H,H,A,H,H
272,6,Amrit Varshini,Kalyan,5 (6pm - 9pm),S - G - M - P - N - S',S' - N - P - M - G - S,P,S,G - M - P - N - S' - N - P - M - P - G - M - P,Audav - Audav,H,A,H,T,H,A,H,H,A,H,T,H,A,H,3.8,5,2,1,1.5,H,A,H,T,H,A,H
277,500,Vihangini,Marwa,5 (6pm - 9pm),S - r - G - P - D - N - S',S' - N - D - P - G - r - S,P,S,No specific pakad said,Shadav - Shadav,H,K,H,A,H,H,H,H,K,H,A,H,H,H,3.6667,5,2,1,1.5,H,K,H,A,H,H,H
278,501,"Barari, Shuddha",Marwa,5 (6pm - 9pm),S - r - G - P - D - N - S',S' - N - D - P - G - r - S,P,S,G - P - D - N - D - P - G - r,Shadav - Shadav,H,K,H,A,H,H,H,H,K,H,A,H,H,H,3.6667,5,2,1,1.5,H,K,H,A,H,H,H
282,172,Sohani / Sohini,Marwa,8 (3am - 6am),S - G - M - D - N - S',S' - N - D - M - G - r - S,D,G,"MD NS' r'-S', S' - ND MD - G MD",Audav - Shadav,H,A,H,T,A,H,H,H,K,H,T,A,H,H,4.3636,8,4,3,3.5,H,K,H,T,A,H,H
287,347,Vijay,Kafi,5 (6pm - 9pm),S - R - g - M - P - D - S',"S' - d - P - M, g - R - S",S,S,,Sampoorna - Shadav,H,H,K,T,H,H,A,H,H,K,T,H,K,A,3.75,5,1,1,1.0,H,H,K,T,H,B,A
293,249,"Todi, Chhaya",Todi,1 (6am - 9am),S - r - g - M - d - S',S' - d - M - g - r - S,g,d,,Audav - Audav,H,K,K,T,A,K,A,H,K,K,T,A,K,A,4.2,1,4,3,3.5,H,K,K,T,A,K,A
294,233,Harikauns,,6 (9pm - 12am),S - g - M - D - n - S',S' - n - D - M - g - S,-,-,,Audav - Audav,H,A,K,T,A,H,K,H,A,K,T,A,H,K,4.2,6,0,0,0.0,H,A,K,T,A,H,K
297,313,Kamboji,Khamaaj,6 (9pm - 12am),"S - R - G, P, D - S'","S' - n, D - P, m - G - R - S",G,D,,Audav - Sampoorna,H,H,H,A,H,H,A,H,H,H,H,H,H,K,3.0833,6,3,4,3.5,H,H,H,H,H,H,K
299,433,Malavatee,Bilawal,6 (9pm - 12am),S - r - m - P - D - S',S' - N - D - P - m - G - R - S,R,D,"D - S - R - m, P - D - P, m - G - R - S",Shadav - Sampoorna,H,K,A,H,H,H,A,H,H,H,H,H,H,H,3.1667,6,5,4,4.5,H,B,H,H,H,H,H
302,376,Aarabhi,Bilawal,6 (9pm - 12am),S - R - m - P - D - S',S' - N - D - P - m - G - R -  S,S,m,D - S - R - m - G - R - S - 'N - 'D - S,Audav - Sampoorna,H,H,A,H,H,H,A,H,H,H,H,H,H,H,3.0833,6,1,2,1.5,H,H,H,H,H,H,H
313,316,"Kamboji, Gop",Kafi,6 (9pm - 12am),S - R - g - m - P - D - S',S' - n - D - P - m - g - R - S,G,N,,Shadav - Sampoorna,H,H,K,H,H,H,A,H,H,K,H,H,H,K,3.1538,6,3,6,4.5,H,H,K,H,H,H,K
316,369,Kumudaki,Kalyan,6 (9pm - 12am),S - R - G - M - N - S',S' - N - M - G - R - S,G,N,,Audav - Audav,H,H,H,T,A,A,H,H,H,H,T,A,A,H,4.4,6,3,6,4.5,H,H,H,T,A,A,H
317,557,"Bihag, Marg / Maarg Bihag",Kalyan,6 (9pm - 12am),N S G M P N S',S' N D P M G R S,G,N,GMPND MG MGRS RS,Audav - Sampoorna,H,A,H,T,H,A,H,H,H,H,T,H,H,H,3.9167,6,3,6,4.5,H,H,H,T,H,H,H
322,3,"Mohini, Ahi",Asavari,6 (9pm - 12am),S - r - G - m - P - D - n - S',S' - n - d - P - m - g - R - S,m,n,"S, R - G  - m, P - d, P - m, g - R - g - S",Sampoorna - Sampoorna,H,K,H,H,H,H,K,H,H,K,H,H,K,K,3.2143,6,2,5,3.5,H,B,B,H,H,B,K
327,306,Kohal,Kafi,6 (9pm - 12am),"S - R - g, P - N - S'","S' - n - P, g - R - g - R - S",R,P,,Audav - Audav,H,H,K,A,H,A,H,H,H,K,A,H,A,K,3.5,6,5,2,3.5,H,H,K,A,H,A,B
334,451,"Kalyan, Rajani",Khamaaj,6 (9pm - 12am),n - S - R - G - m - P - D - n - S',S' - n - D - P - m - G - R - S,R,P,"S - R - S, 'n - S - R - g - m",Mishra/Sankeerna,H,H,H,H,H,H,K,H,H,H,H,H,H,K,3.1429,6,5,2,3.5,H,H,H,H,H,H,K
338,449,"Maanjh, Pilu Ki",Gauri Manohari,6 (9pm - 12am),S - R - g - m - P - D - N - S',S' - N - D - P - m - g - R - S,S,P,"S, 'P - 'N - S - R - g, S, R - P, mP - D, m - (g), S",Vakra,H,H,K,H,H,H,H,H,H,K,H,H,H,H,3.4286,6,1,2,1.5,H,H,K,H,H,H,H
342,87,Kalawati,Khamaaj,6 (9pm - 12am),S - G - P - D - n - S',S' - n - D - P - G - S,S,P,GPDnD - PG - S,Audav - Audav,H,A,H,A,H,H,K,H,A,H,A,H,H,K,3.0,6,1,2,1.5,H,A,H,A,H,H,K
346,348,"Ranjani, Saraswat",Kafi,6 (9pm - 12am),"N - S, g - M - P - N - S'","S' - n, D - P, M - g, R - S'",P,R,,Audav - Sampoorna,H,A,K,T,H,A,H,H,H,K,T,H,H,K,4.0,6,2,5,3.5,H,H,K,T,H,H,B
350,37,Bhinna Shadja,Bilawal,6 (9pm - 12am),S - G - m - D - N - S',S' - N - D - m - G - S,m,S,S - G - m - D - m - G - S - G - m - G - 'D - 'N - S - m,Audav - Audav,H,A,H,H,A,H,H,H,A,H,H,A,H,H,3.2,6,2,1,1.5,H,A,H,H,A,H,H
354,276,"Nat, Shuddha",Bilawal,6 (9pm - 12am),S - R - G - m - P - D - N - S',S' - N - P - m - R - S,m,S,,Sampoorna - Shadav,H,H,H,H,H,H,H,H,H,A,H,H,A,H,3.25,6,2,1,1.5,H,H,H,H,H,H,H
356,441,Nat,Bilawal,6 (9pm - 12am),S - R - G - m - P - D - N - S',S' - N - D - P - m - G - R - S,m,S,S - G - m - P - G - m - R - G - m - P - m - G - m - R - S,Sampoorna - Sampoorna,H,H,H,H,H,H,H,H,H,H,H,H,H,H,3.2857,6,2,1,1.5,H,H,H,H,H,H,H
358,460,"Varali, Pratap",Bilawal,6 (9pm - 12am),S - R - m - P - D - S',S' - D - P - m - G - R - S,m,S,"S - 'D - S - R - m, P - D - P - m - G - R - S",Audav - Shadav,H,H,A,H,H,H,A,H,H,H,H,H,H,A,2.8182,6,2,1,1.5,H,H,H,H,H,H,A
360,1,Abhogi / Abhogi Kanada,Kafi,6 (9pm - 12am),S - R - g - m - D - S',S' - D - m - g - R - S,m,S,D - S - R - (m)g - m - Rgm - R - S,Audav - Audav,H,H,K,H,A,H,A,H,H,K,H,A,H,A,3.2,6,2,1,1.5,H,H,K,H,A,H,A
364,236,"Bageshree, Audav (Bageshree Kauns or Purana Chandrakauns)",Kafi,6 (9pm - 12am),S - g - m - D - n - S',S' - n - D - m - g - S,m,S,g - m - g - S - 'n - 'D - 'n - g - S,Audav - Audav,H,A,K,H,A,H,K,H,A,K,H,A,H,K,3.2,6,2,1,1.5,H,A,K,H,A,H,K
378,261,Rupeshwari / Khamaj Thaat Ki Durga,Khamaaj,6 (9pm - 12am),S - G - m - D - N - S',S' - n - D - m - G - S,m,S,G - m - D - N - S' - n - D - m,Audav - Audav,H,A,H,H,A,H,H,H,A,H,H,A,H,K,3.1,6,2,1,1.5,H,A,H,H,A,H,B
380,310,Kaamaai,Khamaaj,6 (9pm - 12am),"S - G, m - P, n - S'","S' - n, D - P, m - G - R - S",m,S,,Audav - Sampoorna,H,A,H,H,H,A,K,H,H,H,H,H,H,K,2.9167,6,2,1,1.5,H,H,H,H,H,H,K
385,391,"Desaa, Sawan",Khamaaj,6 (9pm - 12am),N - S - R -m - P - N - S',S' - n - D - P - m - G - R - S,m,S,R m P N S'  P n D P m G R,Audav - Sampoorna,H,H,A,H,H,A,H,H,H,H,H,H,H,K,3.1667,6,2,1,1.5,H,H,H,H,H,H,B
388,563,Durga (Khamaj Thaat Ki),Khamaaj,6 (9pm - 12am),S - G - m - D - n - S',S' - n - D - m - G - S,m,S,DnD mG 'nS,Audav - Audav,H,A,H,H,A,H,K,H,A,H,H,A,H,K,3.0,6,2,1,1.5,H,A,H,H,A,H,K
391,360,Chandraprabha,,6 (9pm - 12am),S - R - m - d - N - S',S' - N - d - m - R - S,m,S,R m d m R - 'N 'd S - m,Audav - Audav,H,H,A,H,A,K,H,H,H,A,H,A,K,H,3.4,6,2,1,1.5,H,H,A,H,A,K,H
392,251,Shreevanti,Todi,1 (6am - 9am),N - S - g - M - P - N - S',S' - N - P - M - g - r - S,,,,Audav - Shadav,H,A,K,T,H,A,H,H,K,K,T,H,A,H,4.1818,1,0,0,0.0,H,K,K,T,H,A,H
394,219,"Bihag, Sawani",Bilawal,6 (9pm - 12am),S - G - m - P - N - S',S - N - D - P - m - G - R - S,P,S,"G - m - P - S P - P, P - D - m, m - P - G, m - P - m - PG - R  - S",Audav - Sampoorna,H,A,H,H,H,A,H,H,H,H,H,H,H,H,3.0833,6,2,1,1.5,H,H,H,H,H,H,H
408,252,Hemvanti,Todi,1 (6am - 9am),S - r - M - P - d - N - S',S' - N - d - P - M - g - r - S',,,,Shadav - Sampoorna,H,K,A,T,H,K,H,H,K,K,T,H,K,H,4.1538,1,0,0,0.0,H,K,K,T,H,K,H
410,124,Madhukauns,,6 (9pm - 12am),S - g - M - P - n - S',S' - n - P - M - g - S,P,S,g - M - P - n - S - n - P - M - g - S,Audav - Audav,H,A,K,T,H,A,K,H,A,K,T,H,A,K,3.8,6,2,1,1.5,H,A,K,T,H,A,K
411,183,Vachaspati or Champakali,,6 (9pm - 12am),n - S - G - M - P - n - S',S' - n - D - P - M - G - R - S,P,S,nDP - GMP - (G)R (S)'n 'P'nS,Shadav - Sampoorna,H,A,H,T,H,A,K,H,H,H,T,H,H,K,3.75,6,2,1,1.5,H,H,H,T,H,H,K
413,597,Harapriyaa,Kafi,6 (9pm - 12am),S - R - g - m - P - D - S',S' - n - D - P - m - g - R - S,P,S',SRmP Rmg - DS'nDP Rmg - RS,Shadav - Sampoorna,H,H,K,H,H,H,A,H,H,K,H,H,H,K,3.1538,6,2,1,1.5,H,H,K,H,H,H,K
415,470,"Abhogi, Shiv",,7 (12am - 3am),S - R - g - M - D - S',S' - D - M - g - R - S,R,D,"D - S - R - g, R - g - M - D - M - g - R - 'D - S",Audav - Audav,H,H,K,T,A,H,A,H,H,K,T,A,H,A,4.2,7,5,4,4.5,H,H,K,T,A,H,A
423,336,Manjiri,Poorvi,7 (12am - 3am),S - G - m - P - d - N - S',S' - N - d - P - M - G - r - S,S,P,,Shadav - Sampoorna,H,A,H,H,H,K,H,H,K,H,T,H,K,H,3.4615,7,1,2,1.5,H,K,H,B,H,K,H
424,181,"Todi, Miyan Ki",Todi,2 (9am - 12pm),S - r - g - M - d - N - S',S' - N - d - P - M - g - r - S,d,g,gMd - MdNd NdP - MdMg - rgrg rS,Shadav - Sampoorna,H,K,K,T,A,K,H,H,K,K,T,H,K,H,4.3077,2,3,4,3.5,H,K,K,T,H,K,H
426,499,"Kauns, Maru / Amirkhani Kauns / Ameeri Kauns",,7 (12am - 3am),S - G - M - P - n - S',S' - n - P - M - G - S,S,P,GMPnP MGM GS 'n'P S,Audav - Audav,H,A,H,T,H,A,K,H,A,H,T,H,A,K,3.6,7,1,2,1.5,H,A,H,T,H,A,K
435,139,Malkauns,Bhairavi,7 (12am - 3am),S - g - m - d - n - S',S' - n - d - m - g - S,m,S,d'nS m - gmd gmg - 'nS,Audav - Audav,H,A,K,H,A,K,K,H,A,K,H,A,K,K,3.0,7,2,1,1.5,H,A,K,H,A,K,K
442,280,Bhavani,Bilawal,7 (12am - 3am),S - R - m - D - S',"S' - D - m, R - S",m,S,R - m - D - m - R - S,Mishra/Sankeerna,H,H,A,H,A,H,A,H,H,A,H,A,H,A,3.0,7,2,1,1.5,H,H,A,H,A,H,A
443,284,"Ranjani, Ras",Bilawal,7 (12am - 3am),S - R - m - D - N - S',"S', N, D, m, D - m - R - S",m,S,,Audav - Audav,H,H,A,H,A,H,H,H,H,A,H,A,H,H,3.6,7,2,1,1.5,H,H,A,H,A,H,H
448,297,"Ranjani, Shree",Kafi,7 (12am - 3am),S - g - m - D - n - S',S' - n - D - m - g - R - S,m,S,,Audav - Shadav,H,A,K,H,A,H,K,H,H,K,H,A,H,K,3.3636,7,2,1,1.5,H,H,K,H,A,H,K
458,508,"Ranjani, Kaushik",,7 (12am - 3am),S - R - g - m - d - N - S',S' - N - d - m - g - R - S,m,S,N - d - m - g - R - g - m - R - S,Shadav - Shadav,H,H,K,H,A,K,H,H,H,K,H,A,K,H,3.5,7,2,1,1.5,H,H,K,H,A,K,H
462,495,"Bhairavi, Anand",Asavari,7 (12am - 3am),S - R - g - m - P - d - n - S',S' - n - d - P - m - g - R - S,P,S,n - S - g - m - d - P - g - m - g - R - S,Sampoorna - Sampoorna,H,H,K,H,H,K,K,H,H,K,H,H,K,K,3.1429,7,2,1,1.5,H,H,K,H,H,K,K
467,169,"Ranjani, Shiv / Shivaranjani",Kafi,7 (12am - 3am),S - R - g - P - D - S',S' - D - P - g - R - S,P,S,SRgR S 'DS RgR - gPgR S,Audav - Audav,H,H,K,A,H,H,A,H,H,K,A,H,H,A,3.2,7,2,1,1.5,H,H,K,A,H,H,A
474,322,Jayant,Kafi,8 (3am - 6am),S - g - m - P - D - S',"S' - n - D - P, m - g - S",G,D,,Audav - Shadav,H,A,K,H,H,H,A,H,A,K,H,H,H,K,2.8182,8,3,4,3.5,H,A,K,H,H,H,K
475,334,Mevada,Bilawal,8 (3am - 6am),S - R - G - m - P - D - N - S',S - N - D - P - m - G - R - S,D,G,m - GRG - S - RmPD - PDNDP - Gm - GRS,Sampoorna - Sampoorna,H,H,H,H,H,H,H,H,H,H,H,H,H,H,3.2857,8,4,3,3.5,H,H,H,H,H,H,H
476,76,Hindol,Kalyan,8 (3am - 6am),S - G - M - D - S',S' - (N) D - M - G - S,D,G,S' - MDS' DM G - MG- S,Audav - Audav,H,A,H,T,A,H,A,H,A,H,T,A,H,H,4.0,8,4,3,3.5,H,A,H,T,A,H,H
479,323,Jaiwanti,Todi,2 (9am - 12pm),"S - r - g, M - P - S'","S' - d - P, M - g - r - S",S,P,,Audav - Shadav,H,K,K,T,H,A,A,H,K,K,T,H,K,A,3.9091,2,1,2,1.5,H,K,K,T,H,K,A
480,178,"Todi, Gujari",Todi,2 (9am - 12pm),S - r - g - M - d - N - S',S' - N - d - M - g - r - S,d,r,M - d - N - d - M - g - r - g - r - S,Shadav - Shadav,H,K,K,T,A,K,H,H,K,K,T,A,K,H,4.5,2,3,6,4.5,H,K,K,T,A,K,H
483,558,Bibhas (Deskar Ang),Marwa,8 (3am - 6am),S - r - G - P - D - S',S' - D - P - G - r - S,D,G,GPD GP G - PG r S,Audav - Audav,H,K,H,A,H,H,A,H,K,H,A,H,H,A,3.2,8,4,3,3.5,H,K,H,A,H,H,A
484,259,Girija / Audav Bhairav / Kauns Gandhar,Bhairav,8 (3am - 6am),S - G - m - d - N - S',S' - N - d - m - G - S,S,m,G m d N d m G,Audav - Audav,H,A,H,H,A,K,H,H,A,H,H,A,K,H,3.0,8,1,2,1.5,H,A,H,H,A,K,H
488,327,Dhanya Dhaivat,Marwa,8 (3am - 6am),"S - r - G, P - D - S'","S' - D - P, G - r - S",D,r,,Audav - Audav,H,K,H,A,H,H,A,H,K,H,A,H,H,A,3.2,8,4,6,5.0,H,K,H,A,H,H,A
489,352,Hevitri,Bhairav,8 (3am - 6am),S - r - G - m - P - D - S',S' - n - D - P - m - G - r - S,P,r,,Shadav - Sampoorna,H,K,H,H,H,H,A,H,K,H,H,H,H,K,3.1538,8,2,6,4.0,H,K,H,H,H,H,K
501,517,"Kalyan, Krishna",Kalyan,8 (3am - 6am),S - R - G - M - P - n - S',S' - n - P - m - G - R - S,P,S,n. - S - R - G - m - P - R - n. - S,Shadav - Shadav,H,H,H,T,H,A,K,H,H,H,H,H,A,K,3.4167,8,2,1,1.5,H,H,H,B,H,A,K
504,63,Dhani,Kafi,Anytime in Monsoon,n - S - g - m - P - n - S',S' - n - P - m - g - R - S,g,n,g - m - n - P - g - R - S,Audav - Shadav,H,A,K,H,H,A,K,H,H,K,H,H,A,K,3.0,A,4,5,4.5,H,H,K,H,H,A,K
507,144,Megh,Kafi,Anytime in Monsoon,S - R - m - P - n - S',S' - n - P - m - R - S,S,P,R - R - S - 'n - 'P - R - S,Audav - Audav,H,H,A,H,H,A,K,H,H,A,H,H,A,K,3.0,A,1,2,1.5,H,H,A,H,H,A,K
521,145,Multani,Todi,4 (3pm - 6pm),N - S - g - M - P - N - S',S' - N - d - P - M - g - r - S,P,S,"NS Mg MP - g, Mg Mg (r)S 'N Sg rS",Audav - Sampoorna,H,A,K,T,H,A,H,H,K,K,T,H,K,H,4.0833,4,2,1,1.5,H,K,K,T,H,K,H
523,120,Kirwani,,Anytime in Monsoon,S - R - g - m - P - d - N - S',S' - N - d - P - m - g - R - S,P,S,,Sampoorna - Sampoorna,H,H,K,H,H,K,H,H,H,K,H,H,K,H,3.2857,A,2,1,1.5,H,H,K,H,H,K,H
537,514,Mangal Gujari,Todi,No specific time,S - r - g - M - d - n - S',S' - n - d - M - g - r - S,g,d,g - M - d - n - d - M - g - r - g - r - S,Shadav - Shadav,H,K,K,T,A,K,K,H,K,K,T,A,K,K,4.3333,N,4,3,3.5,H,K,K,T,A,K,K
539,403,"Malhar, Shuddha",Khamaaj,No specific time,S - R - m - P - D - S',S' - D - P - m - R - S,R,P,"R - P, m - P - D - S' - D - p - m",Audav - Audav,H,H,A,H,H,H,A,H,H,A,H,H,H,A,2.8,N,5,2,3.5,H,H,A,H,H,H,A
542,471,Hemavati,,No specific time,S - R - g - M - P - D - n - S',S' - n - D - P - M - g - R - S,S,P,,Shadav - Sampoorna,H,H,K,T,H,H,K,H,H,K,T,H,H,K,4.0,N,1,2,1.5,H,H,K,T,H,H,K
544,506,Kanakanagi,Bhairav,No specific time,S R m P D S',S d P m r S,m,S,not specific,Audav - Audav,H,H,A,H,H,H,A,H,K,A,H,H,K,A,2.8,N,2,1,1.5,H,B,A,H,H,B,A
546,467,Sarangkauns,,No specific time,S - R - m - d - n - S',S' - n - d - m - R - S,m,S,m - n - d - m - R - 'n - R - S,Audav - Audav,H,H,A,H,A,K,K,H,H,A,H,A,K,K,3.2,N,2,1,1.5,H,H,A,H,A,K,K
547,488,Nandeshwari,Bilawal,,S - G - m - D - n - S',S' - n - D - m - G - m - g - S,m,S,D - 'n - S - Gm - g - S,Audav - Audav,H,A,H,H,A,H,K,H,A,B,H,A,H,K,3.0909,0,2,1,1.5,H,A,B,H,A,H,K
548,489,Shyamvanti,Bilawal,,S - G - m - D - N - S',S' - N - D - m - G - m - g - S,m,S,D - 'N - S - m - Gm - g - S,Audav - Audav,H,A,H,H,A,H,H,H,A,B,H,A,H,H,3.2727,0,2,1,1.5,H,A,B,H,A,H,H
551,490,Milan Gandhar,Kafi,,S - G - P - n - D - S',S' - n - D - P - G - P - g - S,P,S,G - P - n - D - P - GP - g - S,Audav - Audav,H,A,H,A,H,H,K,H,A,B,A,H,H,K,3.0909,0,2,1,1.5,H,A,B,A,H,H,K
